{
    "$schema": "https://go.kicad.org/pcm/schemas/v1",
    "name": "Replicate Layout",
    "description": "Replicates layout of one hierarchical sheet to other copies of the same sheet.",
    "description_full": "Replicate layout of one hierarchical sheet to other hierarchical sheets. The replication is based upon hierarchical sheets in eeschema. The basic requirement for replication is that the section to be replicated (source) is completely contained within a single hierarchical sheet, and replicated sections (destination) are just copies of the same sheet. Complex hierarchies are supported therefore replicated sheet can contain subsheets. The plugin replicates footprints, zones, tracks, text and drawings.\nAfter the section for replication (source section) has been laid out (footprints, tracks, text objects and zones placed) you need to:\n1. Place the anchor footprints for the destiantion sections you want to replicate. This defines the position and orientation of replicated sections. You can use PlaceFootprints action plugin for this.\n2. Select the same anchor footprint within the source section.\n3. Run the plugin.\n4. Choose which hierarchical level you wish to replicate.\n5. Select which sheets you want to replicate (default is all of them)\n6. Select whether you want to replicate also tracks, zones and/or text objects.\n7. Select whether you want to replicate tracks/zones/text which intersect the pivot bounding box or just those contained within the bounding box.\n8. Select whether you want to delete already laid out tracks/zones/text (this is useful when updating an already replicated layout).\n9. Hit OK.\nBy default, only objects which are fully contained in the bounding box constituted by all the footprints in the section will be replicated. You can select to also replicate zones and tracks which intersect this bounding box. Additionally, tracks, text and zones which are already laid out in the replicated bounding boxes can be removed (useful when updating). Note that bounding boxes are squares aligned with the x and y axis, regardless of section orientation.",
    "identifier": "com.github.MitjaNemec.ReplicateLayout",
    "type": "plugin",
    "author": {
        "name": "Mitja Nemec",
        "contact": {
            "github": "https://github.com/MitjaNemec"
        }
    },
    "license": "GPL-2.0",
    "resources": {
        "homepage": "https://github.com/MitjaNemec/ReplicateLayout"
    },
    "tags": [
        "pcbnew",
        "footprints",
        "arrange"
    ],
    "versions": [
        {
            "version": "4.0.3",
            "status": "stable",
            "kicad_version": "9.0",
            "kicad_version_max": "9.1",
            "platforms": [
                "linux",
                "macos",
                "windows"
            ]
        }
    ]
}

